,ausschreibung,veroeffentlicht,angebotsfrist,link
0,"<div aria-labelledby=""title"">
<h3><em>Ausschreibung</em>Klae­r­an­la­ge Ka­men-Koer­ne­bach, Rein­ves­ti­ti­on Ab­was­ser- und Schlamm­be­hand­lung</h3>
<p><em>Vergabestelle</em> Lippeverband</p>
</div>","<div aria-labelledby=""date"">
<p><em>Veröffentlicht</em> 11.03.21</p>
</div>","<div aria-labelledby=""location"">
<p><em>Angebotsfrist</em> 08.06.21</p>
</div>",https://www.service.bund.de/IMPORTE/Ausschreibungen/asp/2021/03/125476.html;jsessionid=99F5FD3DF86E429D9F099197955F586D.2_cid376?nn=4641482&amp;type=0&amp;searchResult=true
1,"<div aria-labelledby=""title"">
<h3><em>Ausschreibung</em>Re­spi­ra­ti­ons­schutz­wand in­kl. Lie­fe­rung</h3>
<p><em>Vergabestelle</em> Jobcenter Oberberg</p>
</div>","<div aria-labelledby=""date"">
<p><em>Veröffentlicht</em> 11.03.21</p>
</div>","<div aria-labelledby=""location"">
<p><em>Angebotsfrist</em> 19.03.21</p>
</div>",https://www.service.bund.de/IMPORTE/Ausschreibungen/editor/Jobcenter-Oberberg/2021/03/3856386.html;jsessionid=99F5FD3DF86E429D9F099197955F586D.2_cid376?nn=4641482&amp;type=0&amp;searchResult=true
2,"<div aria-labelledby=""title"">
<h3><em>Ausschreibung</em>Up­gra­de und Neu­kauf von Ad­o­be Acro­bat Stan­dard Li­zen­zen 2020</h3>
<p><em>Vergabestelle</em> Flughafen Köln/Bonn GmbH</p>
</div>","<div aria-labelledby=""date"">
<p><em>Veröffentlicht</em> 11.03.21</p>
</div>","<div aria-labelledby=""location"">
<p><em>Angebotsfrist</em> 18.03.21</p>
</div>",https://www.service.bund.de/IMPORTE/Ausschreibungen/subreport/2021/03/E67624423.html;jsessionid=99F5FD3DF86E429D9F099197955F586D.2_cid376?nn=4641482&amp;type=0&amp;searchResult=true
3,"<div aria-labelledby=""title"">
<h3><em>Ausschreibung</em>Ent­wick­lungs­pfle­ge 2021 Ze­chen­park/Stadt­ge­biet</h3>
<p><em>Vergabestelle</em> Stadt Kamp-Lintfort</p>
</div>","<div aria-labelledby=""date"">
<p><em>Veröffentlicht</em> 11.03.21</p>
</div>","<div aria-labelledby=""location"">
<p><em>Angebotsfrist</em> 30.03.21</p>
</div>",https://www.service.bund.de/IMPORTE/Ausschreibungen/subreport/2021/03/E38237575.html;jsessionid=99F5FD3DF86E429D9F099197955F586D.2_cid376?nn=4641482&amp;type=0&amp;searchResult=true
4,"<div aria-labelledby=""title"">
<h3><em>Ausschreibung</em>Lie­fe­rung „Bahn­über­gangs­sys­tem“</h3>
<p><em>Vergabestelle</em> Häfen und Güterverkehr Köln AG, I 11 …</p>
</div>","<div aria-labelledby=""date"">
<p><em>Veröffentlicht</em> 11.03.21</p>
</div>","<div aria-labelledby=""location"">
<p><em>Angebotsfrist</em> 30.03.21</p>
</div>",https://www.service.bund.de/IMPORTE/Ausschreibungen/subreport/2021/03/E76857589.html;jsessionid=99F5FD3DF86E429D9F099197955F586D.2_cid376?nn=4641482&amp;type=0&amp;searchResult=true
5,"<div aria-labelledby=""title"">
<h3><em>Ausschreibung</em>Scha­ed­lings­be­ka­emp­fung</h3>
<p><em>Vergabestelle</em> Lippeverband</p>
</div>","<div aria-labelledby=""date"">
<p><em>Veröffentlicht</em> 11.03.21</p>
</div>","<div aria-labelledby=""location"">
<p><em>Angebotsfrist</em> 15.04.21</p>
</div>",https://www.service.bund.de/IMPORTE/Ausschreibungen/asp/2021/03/125512.html;jsessionid=99F5FD3DF86E429D9F099197955F586D.2_cid376?nn=4641482&amp;type=0&amp;searchResult=true
6,"<div aria-labelledby=""title"">
<h3><em>Ausschreibung</em>Si­cher­heits­dienst­leis­tun­gen im Stadt­ge­biet Gre­ven­broich: Un­ter­kunft für  …</h3>
<p><em>Vergabestelle</em> Rhein-Kreis Neuss - Der Landrat - Zentrales …</p>
</div>","<div aria-labelledby=""date"">
<p><em>Veröffentlicht</em> 11.03.21</p>
</div>","<div aria-labelledby=""location"">
<p><em>Angebotsfrist</em> 31.03.21</p>
</div>",https://www.service.bund.de/IMPORTE/Ausschreibungen/subreport/2021/03/E79637444.html;jsessionid=99F5FD3DF86E429D9F099197955F586D.2_cid376?nn=4641482&amp;type=0&amp;searchResult=true
7,"<div aria-labelledby=""title"">
<h3><em>Ausschreibung</em>Bahn­hof Dül­men - Neu­bau Fahr­rad­park­haus - Dachab­dich­tungs- und …</h3>
<p><em>Vergabestelle</em> Stadt Dülmen</p>
</div>","<div aria-labelledby=""date"">
<p><em>Veröffentlicht</em> 11.03.21</p>
</div>","<div aria-labelledby=""location"">
<p><em>Angebotsfrist</em> 30.03.21</p>
</div>",https://www.service.bund.de/IMPORTE/Ausschreibungen/subreport/2021/03/E63127648.html;jsessionid=99F5FD3DF86E429D9F099197955F586D.2_cid376?nn=4641482&amp;type=0&amp;searchResult=true
8,"<div aria-labelledby=""title"">
<h3><em>Ausschreibung</em>Ka­nal­ar­bei­ten - ehem. Paul-Moor-Schu­le, Kö­nigs­win­ter</h3>
<p><em>Vergabestelle</em> Stadt Königswinter</p>
</div>","<div aria-labelledby=""date"">
<p><em>Veröffentlicht</em> 11.03.21</p>
</div>","<div aria-labelledby=""location"">
<p><em>Angebotsfrist</em> 06.04.21</p>
</div>",https://www.service.bund.de/IMPORTE/Ausschreibungen/subreport/2021/03/E35961781.html;jsessionid=99F5FD3DF86E429D9F099197955F586D.2_cid376?nn=4641482&amp;type=0&amp;searchResult=true
9,"<div aria-labelledby=""title"">
<h3><em>Ausschreibung</em>Er­stel­lung ei­nes Park­pfle­ge­wer­kes</h3>
<p><em>Vergabestelle</em> Stadt Neuss (1VC)</p>
</div>","<div aria-labelledby=""date"">
<p><em>Veröffentlicht</em> 11.03.21</p>
</div>","<div aria-labelledby=""location"">
<p><em>Angebotsfrist</em> 01.04.21</p>
</div>",https://www.service.bund.de/IMPORTE/Ausschreibungen/subreport/2021/03/E37835968.html;jsessionid=99F5FD3DF86E429D9F099197955F586D.2_cid376?nn=4641482&amp;type=0&amp;searchResult=true
10,"<div aria-labelledby=""title"">
<h3><em>Ausschreibung</em>Rah­men­ver­trag Bauschlos­ser­ar­bei­ten</h3>
<p><em>Vergabestelle</em> Flughafen Köln/Bonn GmbH</p>
</div>","<div aria-labelledby=""date"">
<p><em>Veröffentlicht</em> 11.03.21</p>
</div>","<div aria-labelledby=""location"">
<p><em>Angebotsfrist</em> 31.03.21</p>
</div>",https://www.service.bund.de/IMPORTE/Ausschreibungen/subreport/2021/03/E27223356.html;jsessionid=99F5FD3DF86E429D9F099197955F586D.2_cid376?nn=4641482&amp;type=0&amp;searchResult=true
11,"<div aria-labelledby=""title"">
<h3><em>Ausschreibung</em>Si­cher­heits­leis­tun­gen für Ei­sen­bah­nen</h3>
<p><em>Vergabestelle</em> Häfen und Güterverkehr Köln AG, I 11 …</p>
</div>","<div aria-labelledby=""date"">
<p><em>Veröffentlicht</em> 11.03.21</p>
</div>","<div aria-labelledby=""location"">
<p><em>Angebotsfrist</em> 30.03.21</p>
</div>",https://www.service.bund.de/IMPORTE/Ausschreibungen/subreport/2021/03/E98476168.html;jsessionid=99F5FD3DF86E429D9F099197955F586D.2_cid376?nn=4641482&amp;type=0&amp;searchResult=true
12,"<div aria-labelledby=""title"">
<h3><em>Ausschreibung</em>Bau­haupt­ge­werk Schu­ler­wei­te­rungs­bau OGGS Ma­ria­lin­den, Ove­r­ath</h3>
<p><em>Vergabestelle</em> Stadt Overath- Zentrale Vergabestelle-</p>
</div>","<div aria-labelledby=""date"">
<p><em>Veröffentlicht</em> 11.03.21</p>
</div>","<div aria-labelledby=""location"">
<p><em>Angebotsfrist</em> 07.04.21</p>
</div>",https://www.service.bund.de/IMPORTE/Ausschreibungen/subreport/2021/03/E34961925.html;jsessionid=99F5FD3DF86E429D9F099197955F586D.2_cid376?nn=4641482&amp;type=0&amp;searchResult=true
13,"<div aria-labelledby=""title"">
<h3><em>Ausschreibung</em>Stra­ßensa­nie­rung ""Oder­schei­der­berg"", Ove­r­ath</h3>
<p><em>Vergabestelle</em> Stadt Overath- Zentrale Vergabestelle-</p>
</div>","<div aria-labelledby=""date"">
<p><em>Veröffentlicht</em> 11.03.21</p>
</div>","<div aria-labelledby=""location"">
<p><em>Angebotsfrist</em> 14.04.21</p>
</div>",https://www.service.bund.de/IMPORTE/Ausschreibungen/subreport/2021/03/E77664138.html;jsessionid=99F5FD3DF86E429D9F099197955F586D.2_cid376?nn=4641482&amp;type=0&amp;searchResult=true
14,"<div aria-labelledby=""title"">
<h3><em>Ausschreibung</em>ABS 46/2, BA 2: Si­che­rungs­leis­tun­gen</h3>
<p><em>Vergabestelle</em> DB Netz AG (Bukr 16)</p>
</div>","<div aria-labelledby=""date"">
<p><em>Veröffentlicht</em> 10.03.21</p>
</div>","<div aria-labelledby=""location"">
<p><em>Angebotsfrist</em> 29.03.21</p>
</div>",https://www.service.bund.de/IMPORTE/Ausschreibungen/healyhudson/2021/03/59acd121-97a6-42c4-ab8c-52ce5c939164.html;jsessionid=99F5FD3DF86E429D9F099197955F586D.2_cid376?nn=4641482&amp;type=0&amp;searchResult=true
15,"<div aria-labelledby=""title"">
<h3><em>Ausschreibung</em>War­tungs­ver­län­ge­rung für VM­wa­re Li­zen­zen</h3>
<p><em>Vergabestelle</em> TH Köln</p>
</div>","<div aria-labelledby=""date"">
<p><em>Veröffentlicht</em> 10.03.21</p>
</div>","<div aria-labelledby=""location"">
<p><em>Angebotsfrist</em> 24.03.21</p>
</div>",https://www.service.bund.de/IMPORTE/Ausschreibungen/vmp-nrw/2021/03/125785.html;jsessionid=99F5FD3DF86E429D9F099197955F586D.2_cid376?nn=4641482&amp;type=0&amp;searchResult=true
16,"<div aria-labelledby=""title"">
<h3><em>Ausschreibung</em>Tex­ti­le Voll­ver­sor­gung Kli­ni­kum Le­ver­ku­sen</h3>
<p><em>Vergabestelle</em> Klinikum Leverkusen gGmbH</p>
</div>","<div aria-labelledby=""date"">
<p><em>Veröffentlicht</em> 10.03.21</p>
</div>","<div aria-labelledby=""location"">
<p><em>Angebotsfrist</em> 15.04.21</p>
</div>",https://www.service.bund.de/IMPORTE/Ausschreibungen/subreport/2021/03/E44766684.html;jsessionid=99F5FD3DF86E429D9F099197955F586D.2_cid376?nn=4641482&amp;type=0&amp;searchResult=true
17,"<div aria-labelledby=""title"">
<h3><em>Ausschreibung</em>055-21-00189 - Aus-und Fort­bil­dungs­zen­trum der Bun­des­po­li­zei Bie­le­feld, in …</h3>
<p><em>Vergabestelle</em> Bau- und Liegenschaftsbetrieb NRW Bielefeld</p>
</div>","<div aria-labelledby=""date"">
<p><em>Veröffentlicht</em> 10.03.21</p>
</div>","<div aria-labelledby=""location"">
<p><em>Angebotsfrist</em> 29.03.21</p>
</div>",https://www.service.bund.de/IMPORTE/Ausschreibungen/vmp-blb/2021/03/47397.html;jsessionid=99F5FD3DF86E429D9F099197955F586D.2_cid376?nn=4641482&amp;type=0&amp;searchResult=true
18,"<div aria-labelledby=""title"">
<h3><em>Ausschreibung</em>Bun­des­stadt Bonn, SGB-367547, Denk­mal­ge­rech­te In­stand­set­zung und …</h3>
<p><em>Vergabestelle</em> Städtisches Gebäudemanagement der Bundesstadt Bonn</p>
</div>","<div aria-labelledby=""date"">
<p><em>Veröffentlicht</em> 10.03.21</p>
</div>","<div aria-labelledby=""location"">
<p><em>Angebotsfrist</em> 15.04.21</p>
</div>",https://www.service.bund.de/IMPORTE/Ausschreibungen/vmp-mebit/2021/03/45020.html;jsessionid=99F5FD3DF86E429D9F099197955F586D.2_cid376?nn=4641482&amp;type=0&amp;searchResult=true
19,"<div aria-labelledby=""title"">
<h3><em>Ausschreibung</em>Bun­des­stadt Bonn, SGB-366022, Flie­sen­ar­bei­ten im Rah­men der Bau­un­ter­hal­tung …</h3>
<p><em>Vergabestelle</em> Bundesstadt Bonn, Referat Vergabedienste</p>
</div>","<div aria-labelledby=""date"">
<p><em>Veröffentlicht</em> 10.03.21</p>
</div>","<div aria-labelledby=""location"">
<p><em>Angebotsfrist</em> 01.04.21</p>
</div>",https://www.service.bund.de/IMPORTE/Ausschreibungen/vmp-mebit/2021/03/44914.html;jsessionid=99F5FD3DF86E429D9F099197955F586D.2_cid376?nn=4641482&amp;type=0&amp;searchResult=true
20,"<div aria-labelledby=""title"">
<h3><em>Ausschreibung</em>A 524 Weg­wei­sung u. Be­schil­de­rung</h3>
<p><em>Vergabestelle</em> Autobahn GmbH des Bundes Niederlassung Rheinland …</p>
</div>","<div aria-labelledby=""date"">
<p><em>Veröffentlicht</em> 10.03.21</p>
</div>","<div aria-labelledby=""location"">
<p><em>Angebotsfrist</em> 23.03.21</p>
</div>",https://www.service.bund.de/IMPORTE/Ausschreibungen/vmp-nrw/2021/03/124639.html;jsessionid=99F5FD3DF86E429D9F099197955F586D.2_cid376?nn=4641482&amp;type=0&amp;searchResult=true
21,"<div aria-labelledby=""title"">
<h3><em>Ausschreibung</em>FE 82.0762/2021 - Er­wei­te­rung der Er­fas­sung ver­tief­ter Ver­kehrs­un­fall­da­ten …</h3>
<p><em>Vergabestelle</em> Bundesanstalt für Straßenwesen</p>
</div>","<div aria-labelledby=""date"">
<p><em>Veröffentlicht</em> 10.03.21</p>
</div>","<div aria-labelledby=""location"">
<p><em>Angebotsfrist</em> 29.04.21</p>
</div>",https://www.service.bund.de/IMPORTE/Ausschreibungen/eVergabe/381146.html;jsessionid=99F5FD3DF86E429D9F099197955F586D.2_cid376?nn=4641482&amp;type=0&amp;searchResult=true
22,"<div aria-labelledby=""title"">
<h3><em>Ausschreibung</em>El­sa-Brändt­ström-Re­al­schu­le / Lie­fe­rung und Auf­stel­lung von mo­bi­len …</h3>
<p><em>Vergabestelle</em> Stadt Rheine</p>
</div>","<div aria-labelledby=""date"">
<p><em>Veröffentlicht</em> 10.03.21</p>
</div>","<div aria-labelledby=""location"">
<p><em>Angebotsfrist</em> 01.04.21</p>
</div>",https://www.service.bund.de/IMPORTE/Ausschreibungen/vmp-westfalen/2021/03/16791075.html;jsessionid=99F5FD3DF86E429D9F099197955F586D.2_cid376?nn=4641482&amp;type=0&amp;searchResult=true
23,"<div aria-labelledby=""title"">
<h3><em>Ausschreibung</em>Aus­schrei­bung Ökostrom­lie­fe­rung Stadt Bri­lon 2022 f.</h3>
<p><em>Vergabestelle</em> Stadtverwaltung Brilon</p>
</div>","<div aria-labelledby=""date"">
<p><em>Veröffentlicht</em> 10.03.21</p>
</div>","<div aria-labelledby=""location"">
<p><em>Angebotsfrist</em> 08.04.21</p>
</div>",https://www.service.bund.de/IMPORTE/Ausschreibungen/vmp-westfalen/2021/03/16746961.html;jsessionid=99F5FD3DF86E429D9F099197955F586D.2_cid376?nn=4641482&amp;type=0&amp;searchResult=true
24,"<div aria-labelledby=""title"">
<h3><em>Ausschreibung</em>EMSR-Er­tüch­ti­gung - RKB/RBF Ge­wer­be­ge­biet Gles­sen</h3>
<p><em>Vergabestelle</em> Erftverband</p>
</div>","<div aria-labelledby=""date"">
<p><em>Veröffentlicht</em> 10.03.21</p>
</div>","<div aria-labelledby=""location"">
<p><em>Angebotsfrist</em> 14.04.21</p>
</div>",https://www.service.bund.de/IMPORTE/Ausschreibungen/vmp-mebit/2021/03/45106.html;jsessionid=99F5FD3DF86E429D9F099197955F586D.2_cid376?nn=4641482&amp;type=0&amp;searchResult=true
25,"<div aria-labelledby=""title"">
<h3><em>Ausschreibung</em>FE 02.0449/2021/LRB - Das Po­ten­zi­al von Ver­kehrs­ne­ben­flä­chen zur För­de­rung …</h3>
<p><em>Vergabestelle</em> Bundesanstalt für Straßenwesen</p>
</div>","<div aria-labelledby=""date"">
<p><em>Veröffentlicht</em> 10.03.21</p>
</div>","<div aria-labelledby=""location"">
<p><em>Angebotsfrist</em> 03.05.21</p>
</div>",https://www.service.bund.de/IMPORTE/Ausschreibungen/eVergabe/378229.html;jsessionid=99F5FD3DF86E429D9F099197955F586D.2_cid376?nn=4641482&amp;type=0&amp;searchResult=true
26,"<div aria-labelledby=""title"">
<h3><em>Ausschreibung</em>Dach­decker­ar­bei­ten - Er­wei­te­rung der Mau­ritz­schu­le Müns­ter</h3>
<p><em>Vergabestelle</em> Stadt Münster, Zentrales Vergabemanagement</p>
</div>","<div aria-labelledby=""date"">
<p><em>Veröffentlicht</em> 10.03.21</p>
</div>","<div aria-labelledby=""location"">
<p><em>Angebotsfrist</em> 23.03.21</p>
</div>",https://www.service.bund.de/IMPORTE/Ausschreibungen/vmp-westfalen/2021/03/16790253.html;jsessionid=99F5FD3DF86E429D9F099197955F586D.2_cid376?nn=4641482&amp;type=0&amp;searchResult=true
27,"<div aria-labelledby=""title"">
<h3><em>Ausschreibung</em>Gym­na­si­um Dio­ny­sia­num - Elek­tro­fach­pla­nung Me­dienent­wick­lungs­plan</h3>
<p><em>Vergabestelle</em> Stadt Rheine</p>
</div>","<div aria-labelledby=""date"">
<p><em>Veröffentlicht</em> 10.03.21</p>
</div>","<div aria-labelledby=""location"">
<p><em>Angebotsfrist</em> 15.04.21</p>
</div>",https://www.service.bund.de/IMPORTE/Ausschreibungen/vmp-westfalen/2021/03/16790178.html;jsessionid=99F5FD3DF86E429D9F099197955F586D.2_cid376?nn=4641482&amp;type=0&amp;searchResult=true
28,"<div aria-labelledby=""title"">
<h3><em>Ausschreibung</em>Er­neue­rung EMSR-Tech­nik und klei­ne­re Sa­nie­rungs­ar­bei­ten der Bau- und …</h3>
<p><em>Vergabestelle</em> Erftverband</p>
</div>","<div aria-labelledby=""date"">
<p><em>Veröffentlicht</em> 10.03.21</p>
</div>","<div aria-labelledby=""location"">
<p><em>Angebotsfrist</em> 14.04.21</p>
</div>",https://www.service.bund.de/IMPORTE/Ausschreibungen/vmp-mebit/2021/03/45052.html;jsessionid=99F5FD3DF86E429D9F099197955F586D.2_cid376?nn=4641482&amp;type=0&amp;searchResult=true
29,"<div aria-labelledby=""title"">
<h3><em>Ausschreibung</em>Er­stel­lung ei­nes ""In­te­grier­ten Mo­bi­li­täts­kon­zep­tes für die Stadt Selm""</h3>
<p><em>Vergabestelle</em> Stadt Selm - Amt für Stadtentwicklung und Bauen</p>
</div>","<div aria-labelledby=""date"">
<p><em>Veröffentlicht</em> 10.03.21</p>
</div>","<div aria-labelledby=""location"">
<p><em>Angebotsfrist</em> </p>
</div>",https://www.service.bund.de/IMPORTE/Ausschreibungen/vmp-gkd/2021/03/53962.html;jsessionid=99F5FD3DF86E429D9F099197955F586D.2_cid376?nn=4641482&amp;type=0&amp;searchResult=true
30,"<div aria-labelledby=""title"">
<h3><em>Ausschreibung</em>York-Quar­tier, Bau­feld C3 - Ki­ta + Woh­nen, 48167 Müns­ter-Grem­men­dorf, …</h3>
<p><em>Vergabestelle</em> Wohn + Stadtbau Wohnungsunternehmen der Stadt …</p>
</div>","<div aria-labelledby=""date"">
<p><em>Veröffentlicht</em> 10.03.21</p>
</div>","<div aria-labelledby=""location"">
<p><em>Angebotsfrist</em> 31.03.21</p>
</div>",https://www.service.bund.de/IMPORTE/Ausschreibungen/vmp-westfalen/2021/03/16789525.html;jsessionid=99F5FD3DF86E429D9F099197955F586D.2_cid376?nn=4641482&amp;type=0&amp;searchResult=true
31,"<div aria-labelledby=""title"">
<h3><em>Ausschreibung</em>York-Quar­tier, Bau­feld C3 - Ki­ta + Woh­nen, 48167 Müns­ter-Grem­men­dorf, …</h3>
<p><em>Vergabestelle</em> Wohn + Stadtbau Wohnungsunternehmen der Stadt …</p>
</div>","<div aria-labelledby=""date"">
<p><em>Veröffentlicht</em> 10.03.21</p>
</div>","<div aria-labelledby=""location"">
<p><em>Angebotsfrist</em> 31.03.21</p>
</div>",https://www.service.bund.de/IMPORTE/Ausschreibungen/vmp-westfalen/2021/03/16789323.html;jsessionid=99F5FD3DF86E429D9F099197955F586D.2_cid376?nn=4641482&amp;type=0&amp;searchResult=true
32,"<div aria-labelledby=""title"">
<h3><em>Ausschreibung</em>Rah­men­ver­ein­ba­rung Fahr­zeug­wer­bung</h3>
<p><em>Vergabestelle</em> Verkehrsverbund Rhein-Ruhr AöR</p>
</div>","<div aria-labelledby=""date"">
<p><em>Veröffentlicht</em> 10.03.21</p>
</div>","<div aria-labelledby=""location"">
<p><em>Angebotsfrist</em> 26.03.21</p>
</div>",https://www.service.bund.de/IMPORTE/Ausschreibungen/vmp-gkd/2021/03/53964.html;jsessionid=99F5FD3DF86E429D9F099197955F586D.2_cid376?nn=4641482&amp;type=0&amp;searchResult=true
33,"<div aria-labelledby=""title"">
<h3><em>Ausschreibung</em>BLB NRW/NL Dort­mund - Be­zirks­re­gie­rung Arns­berg (WE1389), Sei­bertz­stra­ße 1 …</h3>
<p><em>Vergabestelle</em> Bau- und Liegenschaftsbetrieb NRW Dortmund</p>
</div>","<div aria-labelledby=""date"">
<p><em>Veröffentlicht</em> 10.03.21</p>
</div>","<div aria-labelledby=""location"">
<p><em>Angebotsfrist</em> 30.03.21</p>
</div>",https://www.service.bund.de/IMPORTE/Ausschreibungen/vmp-blb/2021/03/47448.html;jsessionid=99F5FD3DF86E429D9F099197955F586D.2_cid376?nn=4641482&amp;type=0&amp;searchResult=true
34,"<div aria-labelledby=""title"">
<h3><em>Ausschreibung</em>York-Quar­tier, Bau­feld C3 - Ki­ta + Woh­nen, 48167 Müns­ter-Grem­men­dorf, …</h3>
<p><em>Vergabestelle</em> Wohn + Stadtbau Wohnungsunternehmen der Stadt …</p>
</div>","<div aria-labelledby=""date"">
<p><em>Veröffentlicht</em> 10.03.21</p>
</div>","<div aria-labelledby=""location"">
<p><em>Angebotsfrist</em> 31.03.21</p>
</div>",https://www.service.bund.de/IMPORTE/Ausschreibungen/vmp-westfalen/2021/03/16788961.html;jsessionid=99F5FD3DF86E429D9F099197955F586D.2_cid376?nn=4641482&amp;type=0&amp;searchResult=true
35,"<div aria-labelledby=""title"">
<h3><em>Ausschreibung</em>3D Pan­ora­ma­pro­jek­ti­on</h3>
<p><em>Vergabestelle</em> Universität Duisburg-Essen</p>
</div>","<div aria-labelledby=""date"">
<p><em>Veröffentlicht</em> 10.03.21</p>
</div>","<div aria-labelledby=""location"">
<p><em>Angebotsfrist</em> 26.03.21</p>
</div>",https://www.service.bund.de/IMPORTE/Ausschreibungen/vmp-nrw/2021/03/125471.html;jsessionid=99F5FD3DF86E429D9F099197955F586D.2_cid376?nn=4641482&amp;type=0&amp;searchResult=true
36,"<div aria-labelledby=""title"">
<h3><em>Ausschreibung</em>Ge­bäu­dein­nen­rei­ni­gung ehem. Los 3 - Es­sen</h3>
<p><em>Vergabestelle</em> Universität Duisburg-Essen</p>
</div>","<div aria-labelledby=""date"">
<p><em>Veröffentlicht</em> 10.03.21</p>
</div>","<div aria-labelledby=""location"">
<p><em>Angebotsfrist</em> 08.04.21</p>
</div>",https://www.service.bund.de/IMPORTE/Ausschreibungen/vmp-nrw/2021/03/125551.html;jsessionid=99F5FD3DF86E429D9F099197955F586D.2_cid376?nn=4641482&amp;type=0&amp;searchResult=true
37,"<div aria-labelledby=""title"">
<h3><em>Ausschreibung</em>055-21-00202 - Aus- und Fort­bil­dungs­zen­trum der Bun­des­po­li­zei Bie­le­feld in …</h3>
<p><em>Vergabestelle</em> Bau- und Liegenschaftsbetrieb NRW Bielefeld</p>
</div>","<div aria-labelledby=""date"">
<p><em>Veröffentlicht</em> 10.03.21</p>
</div>","<div aria-labelledby=""location"">
<p><em>Angebotsfrist</em> 12.04.21</p>
</div>",https://www.service.bund.de/IMPORTE/Ausschreibungen/vmp-blb/2021/03/47446.html;jsessionid=99F5FD3DF86E429D9F099197955F586D.2_cid376?nn=4641482&amp;type=0&amp;searchResult=true
38,"<div aria-labelledby=""title"">
<h3><em>Ausschreibung</em>Ki­ta Jo­sef-Tho­ry-Stra­ße, Land­schafts­gärt­ne­ri­sche Ar­bei­ten</h3>
<p><em>Vergabestelle</em> Stadt Korschenbroich</p>
</div>","<div aria-labelledby=""date"">
<p><em>Veröffentlicht</em> 10.03.21</p>
</div>","<div aria-labelledby=""location"">
<p><em>Angebotsfrist</em> </p>
</div>",https://www.service.bund.de/IMPORTE/Ausschreibungen/vmp-mebit/2021/03/45122.html;jsessionid=99F5FD3DF86E429D9F099197955F586D.2_cid376?nn=4641482&amp;type=0&amp;searchResult=true
39,"<div aria-labelledby=""title"">
<h3><em>Ausschreibung</em>Mi­chael­schu­le - Brand­schutz­pla­nung</h3>
<p><em>Vergabestelle</em> Stadt Rheine</p>
</div>","<div aria-labelledby=""date"">
<p><em>Veröffentlicht</em> 10.03.21</p>
</div>","<div aria-labelledby=""location"">
<p><em>Angebotsfrist</em> 15.04.21</p>
</div>",https://www.service.bund.de/IMPORTE/Ausschreibungen/vmp-westfalen/2021/03/16788242.html;jsessionid=99F5FD3DF86E429D9F099197955F586D.2_cid376?nn=4641482&amp;type=0&amp;searchResult=true
40,"<div aria-labelledby=""title"">
<h3><em>Ausschreibung</em>Rah­men­ver­trag Bau­un­ter­hal­tungs­arb. an städt.  Ge­bäu­den - Ma­ler- u. …</h3>
<p><em>Vergabestelle</em> Stadt Bad Oeynhausen über Kreis Minden-Lübbecke</p>
</div>","<div aria-labelledby=""date"">
<p><em>Veröffentlicht</em> 10.03.21</p>
</div>","<div aria-labelledby=""location"">
<p><em>Angebotsfrist</em> 24.03.21</p>
</div>",https://www.service.bund.de/IMPORTE/Ausschreibungen/healyhudson/2021/03/09e53e11-679b-4897-9433-54792c102d46.html;jsessionid=99F5FD3DF86E429D9F099197955F586D.2_cid376?nn=4641482&amp;type=0&amp;searchResult=true
41,"<div aria-labelledby=""title"">
<h3><em>Ausschreibung</em>Ge­ne­ral­in­spek­ti­on Fett­ab­schei­der 2021 - Stadt Müns­ter</h3>
<p><em>Vergabestelle</em> Stadt Münster, Zentrales Vergabemanagement</p>
</div>","<div aria-labelledby=""date"">
<p><em>Veröffentlicht</em> 10.03.21</p>
</div>","<div aria-labelledby=""location"">
<p><em>Angebotsfrist</em> 01.04.21</p>
</div>",https://www.service.bund.de/IMPORTE/Ausschreibungen/vmp-westfalen/2021/03/16788099.html;jsessionid=99F5FD3DF86E429D9F099197955F586D.2_cid376?nn=4641482&amp;type=0&amp;searchResult=true
42,"<div aria-labelledby=""title"">
<h3><em>Ausschreibung</em>FE 04.0332/2020/OGB - An­pas­sung der Di­men­sio­nie­rung an den Kli­ma­wan­del</h3>
<p><em>Vergabestelle</em> Bundesanstalt für Straßenwesen</p>
</div>","<div aria-labelledby=""date"">
<p><em>Veröffentlicht</em> 10.03.21</p>
</div>","<div aria-labelledby=""location"">
<p><em>Angebotsfrist</em> 03.05.21</p>
</div>",https://www.service.bund.de/IMPORTE/Ausschreibungen/eVergabe/380523.html;jsessionid=99F5FD3DF86E429D9F099197955F586D.2_cid376?nn=4641482&amp;type=0&amp;searchResult=true
43,"<div aria-labelledby=""title"">
<h3><em>Ausschreibung</em>""Rah­men­ver­trag über die Durch­füh­rung von The­ra­pie- und …</h3>
<p><em>Vergabestelle</em> Vergabe und Beschaffungszentrum Dortmund</p>
</div>","<div aria-labelledby=""date"">
<p><em>Veröffentlicht</em> 10.03.21</p>
</div>","<div aria-labelledby=""location"">
<p><em>Angebotsfrist</em> 29.03.21</p>
</div>",https://www.service.bund.de/IMPORTE/Ausschreibungen/vmp-gkd/2021/03/53944.html;jsessionid=99F5FD3DF86E429D9F099197955F586D.2_cid376?nn=4641482&amp;type=0&amp;searchResult=true
44,"<div aria-labelledby=""title"">
<h3><em>Ausschreibung</em>Stra­ßen­bau­ar­bei­ten - Um­bau und Er­wei­te­rung der Grund­schu­le Im­gen­broich zur …</h3>
<p><em>Vergabestelle</em> Zentraler Vergabeservice der Stadt Aachen für die …</p>
</div>","<div aria-labelledby=""date"">
<p><em>Veröffentlicht</em> 10.03.21</p>
</div>","<div aria-labelledby=""location"">
<p><em>Angebotsfrist</em> 08.04.21</p>
</div>",https://www.service.bund.de/IMPORTE/Ausschreibungen/vmp-aachen/2021/03/28642.html;jsessionid=99F5FD3DF86E429D9F099197955F586D.2_cid376?nn=4641482&amp;type=0&amp;searchResult=true
45,"<div aria-labelledby=""title"">
<h3><em>Ausschreibung</em>BLB DU / Land -und Amts­ge­richt Es­sen / Pla­nung und Er­wei­te­rung der Zel­len / …</h3>
<p><em>Vergabestelle</em> Bau- und Liegenschaftsbetrieb NRW Duisburg</p>
</div>","<div aria-labelledby=""date"">
<p><em>Veröffentlicht</em> 10.03.21</p>
</div>","<div aria-labelledby=""location"">
<p><em>Angebotsfrist</em> 31.03.21</p>
</div>",https://www.service.bund.de/IMPORTE/Ausschreibungen/vmp-blb/2021/03/47443.html;jsessionid=99F5FD3DF86E429D9F099197955F586D.2_cid376?nn=4641482&amp;type=0&amp;searchResult=true
46,"<div aria-labelledby=""title"">
<h3><em>Ausschreibung</em>Flach­dachsa­nie­rung Kü­che - Tro­cken­bau­ar­bei­ten</h3>
<p><em>Vergabestelle</em> Bergmannsheil und Kinderklinik Buer GmbH, …</p>
</div>","<div aria-labelledby=""date"">
<p><em>Veröffentlicht</em> 10.03.21</p>
</div>","<div aria-labelledby=""location"">
<p><em>Angebotsfrist</em> 09.04.21</p>
</div>",https://www.service.bund.de/IMPORTE/Ausschreibungen/editor/Bergmannsheil-und-Kinderklinik-Buer-GmbH/2021/03/3857443.html;jsessionid=99F5FD3DF86E429D9F099197955F586D.2_cid376?nn=4641482&amp;type=0&amp;searchResult=true
47,"<div aria-labelledby=""title"">
<h3><em>Ausschreibung</em>Flach­dachsa­nie­rung Kü­che - Dach­de­ckungs­ar­bei­ten</h3>
<p><em>Vergabestelle</em> Bergmannsheil und Kinderklinik Buer GmbH, …</p>
</div>","<div aria-labelledby=""date"">
<p><em>Veröffentlicht</em> 10.03.21</p>
</div>","<div aria-labelledby=""location"">
<p><em>Angebotsfrist</em> 26.03.21</p>
</div>",https://www.service.bund.de/IMPORTE/Ausschreibungen/editor/Bergmannsheil-und-Kinderklinik-Buer-GmbH/2021/03/3857440.html;jsessionid=99F5FD3DF86E429D9F099197955F586D.2_cid376?nn=4641482&amp;type=0&amp;searchResult=true
48,"<div aria-labelledby=""title"">
<h3><em>Ausschreibung</em>Re­gis­trier­kräf­te LEA Bo­chum</h3>
<p><em>Vergabestelle</em> Bezirksregierung Arnsberg -ZVS-</p>
</div>","<div aria-labelledby=""date"">
<p><em>Veröffentlicht</em> 10.03.21</p>
</div>","<div aria-labelledby=""location"">
<p><em>Angebotsfrist</em> 16.04.21</p>
</div>",https://www.service.bund.de/IMPORTE/Ausschreibungen/vmp-nrw/2021/03/125741.html;jsessionid=99F5FD3DF86E429D9F099197955F586D.2_cid376?nn=4641482&amp;type=0&amp;searchResult=true
49,"<div aria-labelledby=""title"">
<h3><em>Ausschreibung</em>Rah­men­ver­ein­ba­rung über die Rückung von Laub- und Na­del­holz im …</h3>
<p><em>Vergabestelle</em> Wald und Holz NRW</p>
</div>","<div aria-labelledby=""date"">
<p><em>Veröffentlicht</em> 10.03.21</p>
</div>","<div aria-labelledby=""location"">
<p><em>Angebotsfrist</em> 13.04.21</p>
</div>",https://www.service.bund.de/IMPORTE/Ausschreibungen/vmp-nrw/2021/03/125973.html;jsessionid=99F5FD3DF86E429D9F099197955F586D.2_cid376?nn=4641482&amp;type=0&amp;searchResult=true
50,"<div aria-labelledby=""title"">
<h3><em>Ausschreibung</em>Er­wei­ter­te Gar­ten- und Land­schafts­bau­ar­bei­ten</h3>
<p><em>Vergabestelle</em> Universität zu Köln Vergabestelle VOB D5</p>
</div>","<div aria-labelledby=""date"">
<p><em>Veröffentlicht</em> 10.03.21</p>
</div>","<div aria-labelledby=""location"">
<p><em>Angebotsfrist</em> 12.04.21</p>
</div>",https://www.service.bund.de/IMPORTE/Ausschreibungen/vmp-nrw/2021/03/125971.html;jsessionid=99F5FD3DF86E429D9F099197955F586D.2_cid376?nn=4641482&amp;type=0&amp;searchResult=true
51,"<div aria-labelledby=""title"">
<h3><em>Ausschreibung</em>Ka­nal- und Stra­ßen­bau Hors­ter Stra­ße</h3>
<p><em>Vergabestelle</em> Stadt Bottrop</p>
</div>","<div aria-labelledby=""date"">
<p><em>Veröffentlicht</em> 10.03.21</p>
</div>","<div aria-labelledby=""location"">
<p><em>Angebotsfrist</em> 19.03.21</p>
</div>",https://www.service.bund.de/IMPORTE/Ausschreibungen/ai-dabl/2021/02/54321-Tender-1774d5b3e0d-42368840dc57e39b.html;jsessionid=99F5FD3DF86E429D9F099197955F586D.2_cid376?nn=4641482&amp;type=0&amp;searchResult=true
52,"<div aria-labelledby=""title"">
<h3><em>Ausschreibung</em>BLB DU/Kal­kar/von-Seyd­litz-Ka­ser­ne, Rö­mer­str. 122-130, 47546 …</h3>
<p><em>Vergabestelle</em> Bau- und Liegenschaftsbetrieb NRW Duisburg</p>
</div>","<div aria-labelledby=""date"">
<p><em>Veröffentlicht</em> 10.03.21</p>
</div>","<div aria-labelledby=""location"">
<p><em>Angebotsfrist</em> 26.03.21</p>
</div>",https://www.service.bund.de/IMPORTE/Ausschreibungen/vmp-blb/2021/03/47440.html;jsessionid=99F5FD3DF86E429D9F099197955F586D.2_cid376?nn=4641482&amp;type=0&amp;searchResult=true
53,"<div aria-labelledby=""title"">
<h3><em>Ausschreibung</em>BZ Wein­gar­ten, Vil­la Stroth­mann, Wein­gar­ten 22, 32423 Min­den, Er­tüch­ti­gung …</h3>
<p><em>Vergabestelle</em> Stadt Minden über Kreis Minden-Lübbecke</p>
</div>","<div aria-labelledby=""date"">
<p><em>Veröffentlicht</em> 10.03.21</p>
</div>","<div aria-labelledby=""location"">
<p><em>Angebotsfrist</em> 25.03.21</p>
</div>",https://www.service.bund.de/IMPORTE/Ausschreibungen/healyhudson/2021/03/7b27397c-c513-44a2-85a2-8d88b3de46db.html;jsessionid=99F5FD3DF86E429D9F099197955F586D.2_cid376?nn=4641482&amp;type=0&amp;searchResult=true
54,"<div aria-labelledby=""title"">
<h3><em>Ausschreibung</em>De­ckensa­nie­rung von acht Stra­ßen in Un­na: Stra­ßen­bau­ar­bei­ten</h3>
<p><em>Vergabestelle</em> Kreisstadt Unna</p>
</div>","<div aria-labelledby=""date"">
<p><em>Veröffentlicht</em> 10.03.21</p>
</div>","<div aria-labelledby=""location"">
<p><em>Angebotsfrist</em> 08.04.21</p>
</div>",https://www.service.bund.de/IMPORTE/Ausschreibungen/vmp-gkd/2021/03/53956.html;jsessionid=99F5FD3DF86E429D9F099197955F586D.2_cid376?nn=4641482&amp;type=0&amp;searchResult=true
55,"<div aria-labelledby=""title"">
<h3><em>Ausschreibung</em>Rah­men­ver­trag für die Lie­fe­rung von To­ner­kar­tu­schen und Tin­ten­pa­tro­nen</h3>
<p><em>Vergabestelle</em> Bergische Universität Wuppertal</p>
</div>","<div aria-labelledby=""date"">
<p><em>Veröffentlicht</em> 10.03.21</p>
</div>","<div aria-labelledby=""location"">
<p><em>Angebotsfrist</em> 04.05.21</p>
</div>",https://www.service.bund.de/IMPORTE/Ausschreibungen/vmp-nrw/2021/03/125731.html;jsessionid=99F5FD3DF86E429D9F099197955F586D.2_cid376?nn=4641482&amp;type=0&amp;searchResult=true
56,"<div aria-labelledby=""title"">
<h3><em>Ausschreibung</em>BLB NRW/NL Dort­mund - Jus­tiz­voll­zugs­kran­ken­haus Frön­den­berg, Um­bau Sta­ti­on …</h3>
<p><em>Vergabestelle</em> Bau- und Liegenschaftsbetrieb NRW Dortmund</p>
</div>","<div aria-labelledby=""date"">
<p><em>Veröffentlicht</em> 10.03.21</p>
</div>","<div aria-labelledby=""location"">
<p><em>Angebotsfrist</em> 25.03.21</p>
</div>",https://www.service.bund.de/IMPORTE/Ausschreibungen/vmp-blb/2021/03/47438.html;jsessionid=99F5FD3DF86E429D9F099197955F586D.2_cid376?nn=4641482&amp;type=0&amp;searchResult=true
57,"<div aria-labelledby=""title"">
<h3><em>Ausschreibung</em>Dort­mund Phoe­nix West, Ent­sor­gung Hal­den und Ram­pe</h3>
<p><em>Vergabestelle</em> NRW.URBAN GmbH &amp; Co. KG</p>
</div>","<div aria-labelledby=""date"">
<p><em>Veröffentlicht</em> 10.03.21</p>
</div>","<div aria-labelledby=""location"">
<p><em>Angebotsfrist</em> 29.03.21</p>
</div>",https://www.service.bund.de/IMPORTE/Ausschreibungen/vmp-nrw/2021/03/125959.html;jsessionid=99F5FD3DF86E429D9F099197955F586D.2_cid376?nn=4641482&amp;type=0&amp;searchResult=true
58,"<div aria-labelledby=""title"">
<h3><em>Ausschreibung</em>Er­satz­tei­le Schil­der und Sym­bo­le Los1</h3>
<p><em>Vergabestelle</em> HIL Heeresinstandsetzungslogistik GmbH</p>
</div>","<div aria-labelledby=""date"">
<p><em>Veröffentlicht</em> 10.03.21</p>
</div>","<div aria-labelledby=""location"">
<p><em>Angebotsfrist</em> 01.04.21</p>
</div>",https://www.service.bund.de/IMPORTE/Ausschreibungen/vmp-hil/2021/03/4128.html;jsessionid=99F5FD3DF86E429D9F099197955F586D.2_cid376?nn=4641482&amp;type=0&amp;searchResult=true
59,"<div aria-labelledby=""title"">
<h3><em>Ausschreibung</em>Lo­ca­ti­on für die Durch­füh­rung des hy­bri­den Fach­kon­gres­ses …</h3>
<p><em>Vergabestelle</em> Tourismus NRW e.V.</p>
</div>","<div aria-labelledby=""date"">
<p><em>Veröffentlicht</em> 10.03.21</p>
</div>","<div aria-labelledby=""location"">
<p><em>Angebotsfrist</em> 23.03.21</p>
</div>",https://www.service.bund.de/IMPORTE/Ausschreibungen/vmp-nrw/2021/03/125945.html;jsessionid=99F5FD3DF86E429D9F099197955F586D.2_cid376?nn=4641482&amp;type=0&amp;searchResult=true
60,"<div aria-labelledby=""title"">
<h3><em>Ausschreibung</em>Rah­men­ver­trag Buch­schutz­fo­li­en &amp; Kle­be­band</h3>
<p><em>Vergabestelle</em> Stadt Essen, Zentrale Vergabestelle</p>
</div>","<div aria-labelledby=""date"">
<p><em>Veröffentlicht</em> 10.03.21</p>
</div>","<div aria-labelledby=""location"">
<p><em>Angebotsfrist</em> 29.03.21</p>
</div>",https://www.service.bund.de/IMPORTE/Ausschreibungen/vmp-gkd/2021/03/53953.html;jsessionid=99F5FD3DF86E429D9F099197955F586D.2_cid376?nn=4641482&amp;type=0&amp;searchResult=true
61,"<div aria-labelledby=""title"">
<h3><em>Ausschreibung</em>Di­gi­tal­kom­mu­ni­ka­ti­on für die Fa­kul­tät BCI</h3>
<p><em>Vergabestelle</em> Technische Universität Dortmund</p>
</div>","<div aria-labelledby=""date"">
<p><em>Veröffentlicht</em> 10.03.21</p>
</div>","<div aria-labelledby=""location"">
<p><em>Angebotsfrist</em> 08.04.21</p>
</div>",https://www.service.bund.de/IMPORTE/Ausschreibungen/vmp-nrw/2021/03/125951.html;jsessionid=99F5FD3DF86E429D9F099197955F586D.2_cid376?nn=4641482&amp;type=0&amp;searchResult=true
62,"<div aria-labelledby=""title"">
<h3><em>Ausschreibung</em>Ent­wick­lung von Wer­ten als Ker­ne der DLR</h3>
<p><em>Vergabestelle</em> Deutsches Zentrum für Luft- und Raumfahrt e.V. , …</p>
</div>","<div aria-labelledby=""date"">
<p><em>Veröffentlicht</em> 10.03.21</p>
</div>","<div aria-labelledby=""location"">
<p><em>Angebotsfrist</em> </p>
</div>",https://www.service.bund.de/IMPORTE/Ausschreibungen/editor/Deutsches-Zentrum-fuer-Luft-und-Raumfahrt-e-V/2021/03/3856859.html;jsessionid=99F5FD3DF86E429D9F099197955F586D.2_cid376?nn=4641482&amp;type=0&amp;searchResult=true
63,"<div aria-labelledby=""title"">
<h3><em>Ausschreibung</em>055-21-00201 - Aus- und Fort­bil­dungs­zen­trum der Bun­des­po­li­zei Bie­le­feld, in …</h3>
<p><em>Vergabestelle</em> Bau- und Liegenschaftsbetrieb NRW Bielefeld</p>
</div>","<div aria-labelledby=""date"">
<p><em>Veröffentlicht</em> 10.03.21</p>
</div>","<div aria-labelledby=""location"">
<p><em>Angebotsfrist</em> 29.03.21</p>
</div>",https://www.service.bund.de/IMPORTE/Ausschreibungen/vmp-blb/2021/03/47384.html;jsessionid=99F5FD3DF86E429D9F099197955F586D.2_cid376?nn=4641482&amp;type=0&amp;searchResult=true
64,"<div aria-labelledby=""title"">
<h3><em>Ausschreibung</em>Bo­den­be­lags­ar­bei­ten- Ober­stu­fen­ge­bäu­de</h3>
<p><em>Vergabestelle</em> Stadt Elsdorf</p>
</div>","<div aria-labelledby=""date"">
<p><em>Veröffentlicht</em> 10.03.21</p>
</div>","<div aria-labelledby=""location"">
<p><em>Angebotsfrist</em> 08.04.21</p>
</div>",https://www.service.bund.de/IMPORTE/Ausschreibungen/ai-dabl/2021/03/54321-Tender-17815c7eabe-784c1d8c256fa25c.html;jsessionid=99F5FD3DF86E429D9F099197955F586D.2_cid376?nn=4641482&amp;type=0&amp;searchResult=true
65,"<div aria-labelledby=""title"">
<h3><em>Ausschreibung</em>Be­ra­tungs­leis­tung für Phy­siks­how</h3>
<p><em>Vergabestelle</em> Fachhochschule Aachen</p>
</div>","<div aria-labelledby=""date"">
<p><em>Veröffentlicht</em> 10.03.21</p>
</div>","<div aria-labelledby=""location"">
<p><em>Angebotsfrist</em> 24.03.21</p>
</div>",https://www.service.bund.de/IMPORTE/Ausschreibungen/vmp-nrw/2021/03/125929.html;jsessionid=99F5FD3DF86E429D9F099197955F586D.2_cid376?nn=4641482&amp;type=0&amp;searchResult=true
66,"<div aria-labelledby=""title"">
<h3><em>Ausschreibung</em>FE 82.0751/2020-SPI Me­tho­dik: Ab­wei­chen­des Ver­kehrs­ver­hal­ten - …</h3>
<p><em>Vergabestelle</em> Bundesanstalt für Straßenwesen</p>
</div>","<div aria-labelledby=""date"">
<p><em>Veröffentlicht</em> 10.03.21</p>
</div>","<div aria-labelledby=""location"">
<p><em>Angebotsfrist</em> 03.05.21</p>
</div>",https://www.service.bund.de/IMPORTE/Ausschreibungen/eVergabe/380457.html;jsessionid=99F5FD3DF86E429D9F099197955F586D.2_cid376?nn=4641482&amp;type=0&amp;searchResult=true
67,"<div aria-labelledby=""title"">
<h3><em>Ausschreibung</em>Lie­fe­rung und Mon­ta­ge ei­ner Son­nen­schutz­steue­rung - Grund­schu­le …</h3>
<p><em>Vergabestelle</em> Stadt Recklinghausen</p>
</div>","<div aria-labelledby=""date"">
<p><em>Veröffentlicht</em> 10.03.21</p>
</div>","<div aria-labelledby=""location"">
<p><em>Angebotsfrist</em> 30.03.21</p>
</div>",https://www.service.bund.de/IMPORTE/Ausschreibungen/vmp-gkd/2021/03/53949.html;jsessionid=99F5FD3DF86E429D9F099197955F586D.2_cid376?nn=4641482&amp;type=0&amp;searchResult=true
68,"<div aria-labelledby=""title"">
<h3><em>Ausschreibung</em>LVR Ar­chäo­lo­gi­scher Park Xan­ten - Ent­decker­fo­rum, Dach­de­ckungs­ar­bei­ten</h3>
<p><em>Vergabestelle</em> LVR-Dezernat Gebäude- und Liegenschaftsmanagement, …</p>
</div>","<div aria-labelledby=""date"">
<p><em>Veröffentlicht</em> 10.03.21</p>
</div>","<div aria-labelledby=""location"">
<p><em>Angebotsfrist</em> 13.04.21</p>
</div>",https://www.service.bund.de/IMPORTE/Ausschreibungen/ai-lvr/2021/03/54321-Tender-175213fda62-771b26147498a445.html;jsessionid=99F5FD3DF86E429D9F099197955F586D.2_cid376?nn=4641482&amp;type=0&amp;searchResult=true
69,"<div aria-labelledby=""title"">
<h3><em>Ausschreibung</em>Or­ga­ni­sa­ti­ons­un­ter­su­chung Stu­die­ren­den­ser­vice</h3>
<p><em>Vergabestelle</em> Fachhochschule Bielefeld</p>
</div>","<div aria-labelledby=""date"">
<p><em>Veröffentlicht</em> 10.03.21</p>
</div>","<div aria-labelledby=""location"">
<p><em>Angebotsfrist</em> 26.03.21</p>
</div>",https://www.service.bund.de/IMPORTE/Ausschreibungen/vmp-nrw/2021/03/125933.html;jsessionid=99F5FD3DF86E429D9F099197955F586D.2_cid376?nn=4641482&amp;type=0&amp;searchResult=true
70,"<div aria-labelledby=""title"">
<h3><em>Ausschreibung</em>Ca­ni­si­us­schu­le - Elek­tro­fach­pla­nung</h3>
<p><em>Vergabestelle</em> Stadt Rheine</p>
</div>","<div aria-labelledby=""date"">
<p><em>Veröffentlicht</em> 10.03.21</p>
</div>","<div aria-labelledby=""location"">
<p><em>Angebotsfrist</em> 01.04.21</p>
</div>",https://www.service.bund.de/IMPORTE/Ausschreibungen/vmp-westfalen/2021/03/16783644.html;jsessionid=99F5FD3DF86E429D9F099197955F586D.2_cid376?nn=4641482&amp;type=0&amp;searchResult=true
71,"<div aria-labelledby=""title"">
<h3><em>Ausschreibung</em>Neu­bau Frei­licht­büh­ne Schloß Neu­haus; Sa­ni­tär­tech­nik</h3>
<p><em>Vergabestelle</em> GMP Paderborn</p>
</div>","<div aria-labelledby=""date"">
<p><em>Veröffentlicht</em> 10.03.21</p>
</div>","<div aria-labelledby=""location"">
<p><em>Angebotsfrist</em> 05.04.21</p>
</div>",https://www.service.bund.de/IMPORTE/Ausschreibungen/healyhudson/2021/03/e23de157-1521-46ea-8f4f-489929a21fa5.html;jsessionid=99F5FD3DF86E429D9F099197955F586D.2_cid376?nn=4641482&amp;type=0&amp;searchResult=true
72,"<div aria-labelledby=""title"">
<h3><em>Ausschreibung</em>Tech­ni­sche An­la­gen - Hei­zung und Sa­ni­tär­ar­bei­ten</h3>
<p><em>Vergabestelle</em> Stadt Minden über Kreis Minden-Lübbecke</p>
</div>","<div aria-labelledby=""date"">
<p><em>Veröffentlicht</em> 10.03.21</p>
</div>","<div aria-labelledby=""location"">
<p><em>Angebotsfrist</em> 25.03.21</p>
</div>",https://www.service.bund.de/IMPORTE/Ausschreibungen/healyhudson/2021/03/6c045498-311e-4409-b2d2-e17f3395efb5.html;jsessionid=99F5FD3DF86E429D9F099197955F586D.2_cid376?nn=4641482&amp;type=0&amp;searchResult=true
73,"<div aria-labelledby=""title"">
<h3><em>Ausschreibung</em>Neu­bau Frei­licht­büh­ne Schloß Neu­haus; Lüf­tungs­tech­nik</h3>
<p><em>Vergabestelle</em> GMP Paderborn</p>
</div>","<div aria-labelledby=""date"">
<p><em>Veröffentlicht</em> 10.03.21</p>
</div>","<div aria-labelledby=""location"">
<p><em>Angebotsfrist</em> 05.04.21</p>
</div>",https://www.service.bund.de/IMPORTE/Ausschreibungen/healyhudson/2021/03/51feefb7-2e02-4c40-9b7e-fa1e1aff44ad.html;jsessionid=99F5FD3DF86E429D9F099197955F586D.2_cid376?nn=4641482&amp;type=0&amp;searchResult=true
74,"<div aria-labelledby=""title"">
<h3><em>Ausschreibung</em>Bun­des­stadt Bonn: SGB-366296 - Er­neue­rung der Si­cher­heits­be­leuch­tung im …</h3>
<p><em>Vergabestelle</em> Bundesstadt Bonn, Referat Vergabedienste</p>
</div>","<div aria-labelledby=""date"">
<p><em>Veröffentlicht</em> 10.03.21</p>
</div>","<div aria-labelledby=""location"">
<p><em>Angebotsfrist</em> </p>
</div>",https://www.service.bund.de/IMPORTE/Ausschreibungen/vmp-mebit/2021/03/45092.html;jsessionid=99F5FD3DF86E429D9F099197955F586D.2_cid376?nn=4641482&amp;type=0&amp;searchResult=true
75,"<div aria-labelledby=""title"">
<h3><em>Ausschreibung</em>Neu­bau Frei­licht­büh­ne Schloß Neu­haus; Hei­zungs­tech­nik</h3>
<p><em>Vergabestelle</em> GMP Paderborn</p>
</div>","<div aria-labelledby=""date"">
<p><em>Veröffentlicht</em> 10.03.21</p>
</div>","<div aria-labelledby=""location"">
<p><em>Angebotsfrist</em> 05.04.21</p>
</div>",https://www.service.bund.de/IMPORTE/Ausschreibungen/healyhudson/2021/03/4921c054-e6d5-4ecc-b45f-721030799e94.html;jsessionid=99F5FD3DF86E429D9F099197955F586D.2_cid376?nn=4641482&amp;type=0&amp;searchResult=true
76,"<div aria-labelledby=""title"">
<h3><em>Ausschreibung</em>Stra­ßen-End­aus­bau ""Schnep­pen­hei­mer Weg""</h3>
<p><em>Vergabestelle</em> Kreisstadt Euskirchen, Fachbereich 8 - Tiefbau, …</p>
</div>","<div aria-labelledby=""date"">
<p><em>Veröffentlicht</em> 10.03.21</p>
</div>","<div aria-labelledby=""location"">
<p><em>Angebotsfrist</em> 08.04.21</p>
</div>",https://www.service.bund.de/IMPORTE/Ausschreibungen/vmp-aachen/2021/03/28613.html;jsessionid=99F5FD3DF86E429D9F099197955F586D.2_cid376?nn=4641482&amp;type=0&amp;searchResult=true
77,"<div aria-labelledby=""title"">
<h3><em>Ausschreibung</em>BLB AC/(Bund) Gei­len­kir­chen-Te­ve­ren/Erw. Geb. 65 N Neu­bau Hal­le für …</h3>
<p><em>Vergabestelle</em> Bau- und Liegenschaftsbetrieb NRW Aachen</p>
</div>","<div aria-labelledby=""date"">
<p><em>Veröffentlicht</em> 10.03.21</p>
</div>","<div aria-labelledby=""location"">
<p><em>Angebotsfrist</em> 25.03.21</p>
</div>",https://www.service.bund.de/IMPORTE/Ausschreibungen/vmp-blb/2021/03/47436.html;jsessionid=99F5FD3DF86E429D9F099197955F586D.2_cid376?nn=4641482&amp;type=0&amp;searchResult=true
78,"<div aria-labelledby=""title"">
<h3><em>Ausschreibung</em>Per­spek­tiv­kon­zept/Cam­pus­land­schaft Erft­stadt</h3>
<p><em>Vergabestelle</em> Stadt Erftstadt</p>
</div>","<div aria-labelledby=""date"">
<p><em>Veröffentlicht</em> 10.03.21</p>
</div>","<div aria-labelledby=""location"">
<p><em>Angebotsfrist</em> </p>
</div>",https://www.service.bund.de/IMPORTE/Ausschreibungen/vmp-mebit/2021/03/45098.html;jsessionid=99F5FD3DF86E429D9F099197955F586D.2_cid376?nn=4641482&amp;type=0&amp;searchResult=true
79,"<div aria-labelledby=""title"">
<h3><em>Ausschreibung</em>Elek­tro­ar­bei­ten NW Räu­me Phy­sik, An­ne-Frank Re­al­schu­le</h3>
<p><em>Vergabestelle</em> Stadt Ibbenbüren</p>
</div>","<div aria-labelledby=""date"">
<p><em>Veröffentlicht</em> 10.03.21</p>
</div>","<div aria-labelledby=""location"">
<p><em>Angebotsfrist</em> 07.04.21</p>
</div>",https://www.service.bund.de/IMPORTE/Ausschreibungen/vmp-westfalen/2021/03/16779017.html;jsessionid=99F5FD3DF86E429D9F099197955F586D.2_cid376?nn=4641482&amp;type=0&amp;searchResult=true
80,"<div aria-labelledby=""title"">
<h3><em>Ausschreibung</em>Ro­bert-Jungk-Ge­samt­schu­le, Ree­pen­weg 40, 47839 Kre­feld -Um­bau im Be­stand, …</h3>
<p><em>Vergabestelle</em> Stadt Krefeld,  Zentrales Gebäudemanagement</p>
</div>","<div aria-labelledby=""date"">
<p><em>Veröffentlicht</em> 10.03.21</p>
</div>","<div aria-labelledby=""location"">
<p><em>Angebotsfrist</em> 16.04.21</p>
</div>",https://www.service.bund.de/IMPORTE/Ausschreibungen/vmp-mebit/2021/03/44962.html;jsessionid=99F5FD3DF86E429D9F099197955F586D.2_cid376?nn=4641482&amp;type=0&amp;searchResult=true
81,"<div aria-labelledby=""title"">
<h3><em>Ausschreibung</em>BLB (AC)/Aa­chen/AC FH CJ Neu­bau Phy­sio­the­ra­pie/Ge­bäu­de Au­to­ma­ti­on …</h3>
<p><em>Vergabestelle</em> Bau- und Liegenschaftsbetrieb NRW Aachen</p>
</div>","<div aria-labelledby=""date"">
<p><em>Veröffentlicht</em> 10.03.21</p>
</div>","<div aria-labelledby=""location"">
<p><em>Angebotsfrist</em> 31.03.21</p>
</div>",https://www.service.bund.de/IMPORTE/Ausschreibungen/vmp-blb/2021/03/47435.html;jsessionid=99F5FD3DF86E429D9F099197955F586D.2_cid376?nn=4641482&amp;type=0&amp;searchResult=true
82,"<div aria-labelledby=""title"">
<h3><em>Ausschreibung</em>Er­wei­te­rung Kreis­haus Eus­kir­chen; hier: Brand­mel­de­an­la­ge und …</h3>
<p><em>Vergabestelle</em> Kreis Euskirchen</p>
</div>","<div aria-labelledby=""date"">
<p><em>Veröffentlicht</em> 10.03.21</p>
</div>","<div aria-labelledby=""location"">
<p><em>Angebotsfrist</em> 13.04.21</p>
</div>",https://www.service.bund.de/IMPORTE/Ausschreibungen/vmp-aachen/2021/03/28618.html;jsessionid=99F5FD3DF86E429D9F099197955F586D.2_cid376?nn=4641482&amp;type=0&amp;searchResult=true
83,"<div aria-labelledby=""title"">
<h3><em>Ausschreibung</em>Neu­struk­tu­rie­rung Rat­haus Bor­ken, Geb.- D LV 45 Kli­ma­kam­mer</h3>
<p><em>Vergabestelle</em> Stadt Borken</p>
</div>","<div aria-labelledby=""date"">
<p><em>Veröffentlicht</em> 10.03.21</p>
</div>","<div aria-labelledby=""location"">
<p><em>Angebotsfrist</em> 01.04.21</p>
</div>",https://www.service.bund.de/IMPORTE/Ausschreibungen/vmp-westfalen/2021/03/16781663.html;jsessionid=99F5FD3DF86E429D9F099197955F586D.2_cid376?nn=4641482&amp;type=0&amp;searchResult=true
84,"<div aria-labelledby=""title"">
<h3><em>Ausschreibung</em>Neu­struk­tu­rie­rung Rat­haus Bor­ken, Geb.- D LV 61 Roll- und Stand­re­ga­l­an­la­ge</h3>
<p><em>Vergabestelle</em> Stadt Borken</p>
</div>","<div aria-labelledby=""date"">
<p><em>Veröffentlicht</em> 10.03.21</p>
</div>","<div aria-labelledby=""location"">
<p><em>Angebotsfrist</em> 01.04.21</p>
</div>",https://www.service.bund.de/IMPORTE/Ausschreibungen/vmp-westfalen/2021/03/16781257.html;jsessionid=99F5FD3DF86E429D9F099197955F586D.2_cid376?nn=4641482&amp;type=0&amp;searchResult=true
85,"<div aria-labelledby=""title"">
<h3><em>Ausschreibung</em>Rah­men­ver­trag Bau­un­ter­hal­tungs­ar­bei­ten an städ­ti­schen Ge­bäu­den - Nie­der- u. …</h3>
<p><em>Vergabestelle</em> Stadt Bad Oeynhausen über Kreis Minden-Lübbecke</p>
</div>","<div aria-labelledby=""date"">
<p><em>Veröffentlicht</em> 10.03.21</p>
</div>","<div aria-labelledby=""location"">
<p><em>Angebotsfrist</em> 24.03.21</p>
</div>",https://www.service.bund.de/IMPORTE/Ausschreibungen/healyhudson/2021/03/3bd5a446-2de4-4744-a903-6e4a037cbeab.html;jsessionid=99F5FD3DF86E429D9F099197955F586D.2_cid376?nn=4641482&amp;type=0&amp;searchResult=true
86,"<div aria-labelledby=""title"">
<h3><em>Ausschreibung</em>Ge­samt­schu­le am Forst­gar­ten, Ma­ler­ar­bei­ten</h3>
<p><em>Vergabestelle</em> Stadt Kleve</p>
</div>","<div aria-labelledby=""date"">
<p><em>Veröffentlicht</em> 10.03.21</p>
</div>","<div aria-labelledby=""location"">
<p><em>Angebotsfrist</em> 08.04.21</p>
</div>",https://www.service.bund.de/IMPORTE/Ausschreibungen/ai-dabl/2021/03/54321-Tender-177fcf47e06-1daafd425295feaa.html;jsessionid=99F5FD3DF86E429D9F099197955F586D.2_cid376?nn=4641482&amp;type=0&amp;searchResult=true
87,"<div aria-labelledby=""title"">
<h3><em>Ausschreibung</em>Bau ei­nes Glas­fil­ters auf der Klär­an­la­ge Heis­ter­holz</h3>
<p><em>Vergabestelle</em> Kreis Minden-Lübbecke</p>
</div>","<div aria-labelledby=""date"">
<p><em>Veröffentlicht</em> 10.03.21</p>
</div>","<div aria-labelledby=""location"">
<p><em>Angebotsfrist</em> 09.04.21</p>
</div>",https://www.service.bund.de/IMPORTE/Ausschreibungen/healyhudson/2021/03/d65b04b5-1169-4d41-adf8-b144d2341c0c.html;jsessionid=99F5FD3DF86E429D9F099197955F586D.2_cid376?nn=4641482&amp;type=0&amp;searchResult=true
88,"<div aria-labelledby=""title"">
<h3><em>Ausschreibung</em>Er­neue­rung von Kunst­stoff-Fens­tern</h3>
<p><em>Vergabestelle</em> Stadt Recklinghausen</p>
</div>","<div aria-labelledby=""date"">
<p><em>Veröffentlicht</em> 10.03.21</p>
</div>","<div aria-labelledby=""location"">
<p><em>Angebotsfrist</em> 30.03.21</p>
</div>",https://www.service.bund.de/IMPORTE/Ausschreibungen/vmp-gkd/2021/03/53948.html;jsessionid=99F5FD3DF86E429D9F099197955F586D.2_cid376?nn=4641482&amp;type=0&amp;searchResult=true
89,"<div aria-labelledby=""title"">
<h3><em>Ausschreibung</em>Flie­sen­ar­bei­ten- Ober­stu­fen­ge­bäu­de</h3>
<p><em>Vergabestelle</em> Stadt Elsdorf</p>
</div>","<div aria-labelledby=""date"">
<p><em>Veröffentlicht</em> 10.03.21</p>
</div>","<div aria-labelledby=""location"">
<p><em>Angebotsfrist</em> 08.04.21</p>
</div>",https://www.service.bund.de/IMPORTE/Ausschreibungen/ai-dabl/2021/03/54321-Tender-17815c4b3d9-11477c653d4d7c90.html;jsessionid=99F5FD3DF86E429D9F099197955F586D.2_cid376?nn=4641482&amp;type=0&amp;searchResult=true
90,"<div aria-labelledby=""title"">
<h3><em>Ausschreibung</em>Rah­men­ver­trag Bau­un­ter­hal­tungs­ar­bei­ten an städ­ti­schen Ge­bäu­den - …</h3>
<p><em>Vergabestelle</em> Stadt Bad Oeynhausen über Kreis Minden-Lübbecke</p>
</div>","<div aria-labelledby=""date"">
<p><em>Veröffentlicht</em> 10.03.21</p>
</div>","<div aria-labelledby=""location"">
<p><em>Angebotsfrist</em> 24.03.21</p>
</div>",https://www.service.bund.de/IMPORTE/Ausschreibungen/healyhudson/2021/03/2a07ef44-7cbb-4ead-8b26-e218a306ad6e.html;jsessionid=99F5FD3DF86E429D9F099197955F586D.2_cid376?nn=4641482&amp;type=0&amp;searchResult=true
91,"<div aria-labelledby=""title"">
<h3><em>Ausschreibung</em>Vor­ge­häng­te Klin­ker-Fassa­den zur Er­wei­te­rung der Grund­schu­le Auf der Emst, …</h3>
<p><em>Vergabestelle</em> Stadt Iserlohn</p>
</div>","<div aria-labelledby=""date"">
<p><em>Veröffentlicht</em> 10.03.21</p>
</div>","<div aria-labelledby=""location"">
<p><em>Angebotsfrist</em> 31.03.21</p>
</div>",https://www.service.bund.de/IMPORTE/Ausschreibungen/vmp-westfalen/2021/03/16779895.html;jsessionid=99F5FD3DF86E429D9F099197955F586D.2_cid376?nn=4641482&amp;type=0&amp;searchResult=true
92,"<div aria-labelledby=""title"">
<h3><em>Ausschreibung</em>Rah­men­ver­trag Bau­un­ter­hal­tungs­arb. an städ­ti­schen Ge­bäu­den-Heiz­anl. und …</h3>
<p><em>Vergabestelle</em> Stadt Bad Oeynhausen über Kreis Minden-Lübbecke</p>
</div>","<div aria-labelledby=""date"">
<p><em>Veröffentlicht</em> 10.03.21</p>
</div>","<div aria-labelledby=""location"">
<p><em>Angebotsfrist</em> 24.03.21</p>
</div>",https://www.service.bund.de/IMPORTE/Ausschreibungen/healyhudson/2021/03/413fcf61-591e-4817-81dc-b20ee1afd6d3.html;jsessionid=99F5FD3DF86E429D9F099197955F586D.2_cid376?nn=4641482&amp;type=0&amp;searchResult=true
93,"<div aria-labelledby=""title"">
<h3><em>Ausschreibung</em>Ver­mark­tungs­kon­zept und Mar­ke­ting­maß­nah­men für den eTa­rif NRW</h3>
<p><em>Vergabestelle</em> Verkehrsverbund Rhein-Sieg GmbH</p>
</div>","<div aria-labelledby=""date"">
<p><em>Veröffentlicht</em> 10.03.21</p>
</div>","<div aria-labelledby=""location"">
<p><em>Angebotsfrist</em> 08.04.21</p>
</div>",https://www.service.bund.de/IMPORTE/Ausschreibungen/dtvp/2021/03/93808.html;jsessionid=99F5FD3DF86E429D9F099197955F586D.2_cid376?nn=4641482&amp;type=0&amp;searchResult=true
94,"<div aria-labelledby=""title"">
<h3><em>Ausschreibung</em>2021-0055 Durch­füh­rung des Schü­ler­spe­zi­al­ver­kehrs für die  Schul­jah­re …</h3>
<p><em>Vergabestelle</em> Hauptamt der Stadt Duisburg (10-31)</p>
</div>","<div aria-labelledby=""date"">
<p><em>Veröffentlicht</em> 10.03.21</p>
</div>","<div aria-labelledby=""location"">
<p><em>Angebotsfrist</em> 09.04.21</p>
</div>",https://www.service.bund.de/IMPORTE/Ausschreibungen/vmp-gkd/2021/03/53837.html;jsessionid=99F5FD3DF86E429D9F099197955F586D.2_cid376?nn=4641482&amp;type=0&amp;searchResult=true
95,"<div aria-labelledby=""title"">
<h3><em>Ausschreibung</em>Neu­bau Carl Fried­rich von Weiz­sä­cker-Gym­na­si­um; Sa­ni­tär­trenn­wän­de</h3>
<p><em>Vergabestelle</em> Stadt Ratingen, Der Bürgermeister, Hauptamt, …</p>
</div>","<div aria-labelledby=""date"">
<p><em>Veröffentlicht</em> 10.03.21</p>
</div>","<div aria-labelledby=""location"">
<p><em>Angebotsfrist</em> 08.04.21</p>
</div>",https://www.service.bund.de/IMPORTE/Ausschreibungen/vmp-mebit/2021/03/44771.html;jsessionid=99F5FD3DF86E429D9F099197955F586D.2_cid376?nn=4641482&amp;type=0&amp;searchResult=true
96,"<div aria-labelledby=""title"">
<h3><em>Ausschreibung</em>IT-Dienst­leis­tung An­wen­der-und End­ge­rä­te­ser­vice</h3>
<p><em>Vergabestelle</em> JEN Jülicher Entsorgungsgesellschaft für …</p>
</div>","<div aria-labelledby=""date"">
<p><em>Veröffentlicht</em> 10.03.21</p>
</div>","<div aria-labelledby=""location"">
<p><em>Angebotsfrist</em> 13.04.21</p>
</div>",https://www.service.bund.de/IMPORTE/Ausschreibungen/healyhudson/2021/03/8e096fdb-2ce8-4624-9542-3081ac23f7ad.html;jsessionid=99F5FD3DF86E429D9F099197955F586D.2_cid376?nn=4641482&amp;type=0&amp;searchResult=true
97,"<div aria-labelledby=""title"">
<h3><em>Ausschreibung</em>B236, ÜF über L743, Er­tüch­ti­gung des Bau­werks; BW-Nr. 4611 572</h3>
<p><em>Vergabestelle</em> Landesbetrieb Straßenbau NRW Regionalniederlassung …</p>
</div>","<div aria-labelledby=""date"">
<p><em>Veröffentlicht</em> 10.03.21</p>
</div>","<div aria-labelledby=""location"">
<p><em>Angebotsfrist</em> 13.04.21</p>
</div>",https://www.service.bund.de/IMPORTE/Ausschreibungen/vmp-nrw/2021/03/125405.html;jsessionid=99F5FD3DF86E429D9F099197955F586D.2_cid376?nn=4641482&amp;type=0&amp;searchResult=true
98,"<div aria-labelledby=""title"">
<h3><em>Ausschreibung</em>Sicht­prü­fung und Do­ku­men­ta­ti­on der Weg­wei­sung der Rö­mer-Lip­pe-Rou­te vom …</h3>
<p><em>Vergabestelle</em> Ruhr Tourismus GmbH</p>
</div>","<div aria-labelledby=""date"">
<p><em>Veröffentlicht</em> 10.03.21</p>
</div>","<div aria-labelledby=""location"">
<p><em>Angebotsfrist</em> </p>
</div>",https://www.service.bund.de/IMPORTE/Ausschreibungen/vmp-gkd/2021/03/53828.html;jsessionid=99F5FD3DF86E429D9F099197955F586D.2_cid376?nn=4641482&amp;type=0&amp;searchResult=true
99,"<div aria-labelledby=""title"">
<h3><em>Ausschreibung</em>Tech­ni­sche An­la­gen - Flie­sen­le­ger­ar­bei­ten</h3>
<p><em>Vergabestelle</em> Stadt Minden über Kreis Minden-Lübbecke</p>
</div>","<div aria-labelledby=""date"">
<p><em>Veröffentlicht</em> 10.03.21</p>
</div>","<div aria-labelledby=""location"">
<p><em>Angebotsfrist</em> 23.03.21</p>
</div>",https://www.service.bund.de/IMPORTE/Ausschreibungen/healyhudson/2021/03/946195e6-7c56-4a50-a049-9b4ac9bb1580.html;jsessionid=99F5FD3DF86E429D9F099197955F586D.2_cid376?nn=4641482&amp;type=0&amp;searchResult=true
